<?xml version="1.0" encoding="UTF-8"?>
<project-private xmlns="http://www.netbeans.org/ns/project-private/1">
    <editor-bookmarks xmlns="http://www.netbeans.org/ns/editor-bookmarks/2" lastBookmarkId="0"/>
    <open-files xmlns="http://www.netbeans.org/ns/projectui-open-files/2">
        <group>
            <file>file:/C:/Users/JOHO-HPX-4/MPLABXProjects/template.X/adc.c</file>
            <file>file:/C:/Users/JOHO-HPX-4/MPLABXProjects/template.X/config.h</file>
            <file>file:/C:/Users/JOHO-HPX-4/MPLABXProjects/template.X/ccp.c</file>
            <file>file:/C:/Users/JOHO-HPX-4/MPLABXProjects/template.X/input.c</file>
            <file>file:/C:/Users/JOHO-HPX-4/MPLABXProjects/template.X/uart.c</file>
            <file>file:/C:/Users/JOHO-HPX-4/MPLABXProjects/template.X/main.c</file>
            <file>file:/C:/Users/JOHO-HPX-4/MPLABXProjects/template.X/setting.h</file>
            <file>file:/C:/Users/JOHO-HPX-4/MPLABXProjects/template.X/init.c</file>
        </group>
    </open-files>
</project-private>
